Product,Supplier,Website,Alibaba URL,Location,Founded,MOQ (Test),MOQ (Production),Price Range,Key Capability,Certifications,Contact Email,Priority,Notes
MOUTH TAPE,HLK Tape (Quanzhou Honglinkai),hlktape.com,cnhlk.en.alibaba.com,"Quanzhou, Fujian",20+ years,10 pcs,1000+,$0.03-0.06/strip,Silicone + custom shapes,ISO 13485 / ISO 9001 / CE / FDA / TGA,Via Alibaba chat,#1 FOR SAMPLES,"Lowest MOQ. Free samples (pay $20-35 shipping). Dedicated project manager."
MOUTH TAPE,Anji Anshen (Anthrive),anjiansheng.com,anthrive.en.alibaba.com,"Huzhou, Zhejiang",1992 (30+ yrs),1 carton,50 cartons,$0.04-0.08/strip,Bamboo silk + silicone + wound dressing expertise,"CE MDR / ISO 13485 / FDA (TUV-verified)",Via Alibaba chat,#2 STRONGEST CREDS,"40000m2 factory. 50+ patents. Cleanroom production."
MOUTH TAPE,Nantong YOJO Medical,yojomedical.com,ntyojo.en.alibaba.com,"Nantong, Jiangsu",,1000 pcs,5000+,Ask,Bamboo silk + silicone + X-shape,"CE / ISO 9001 / ISO 13485 / FDA",Via Alibaba chat,#3,"Explicitly lists bamboo silk X-shape mouth tape."
MOUTH TAPE,Viva Tape,vivatape.com,No Alibaba store,"Yiwu / Shenzhen",,500 packs,2000+,Ask,Silicone gel + skincare infusion (HA),"ISO 13485 / ISO 9001 / TGA / FDA / CE",contact@vivatape.com,#1 FOR BIOACTIVE,"Already does silicone + skincare infusion. 2M pcs/day."
MOUTH TAPE,Hebei Kangcare (Kongdy),kangerkai.com,kangcare.en.alibaba.com,"Shijiazhuang, Hebei",,2000-5000 pcs,5000+,$0.04-0.05/strip,HA + Collagen mouth tape confirmed,"ISO / CE / FDA / MSDS / SGS",Via Alibaba chat,#2 FOR BIOACTIVE,"24/7 English support. HA + Collagen product listing."
TOOTH POWDER,Cinoll (Shenzhen Cinoll Technology),cinoll.com,No Alibaba store,"Shenzhen, Guangdong",2011,~1700 units,3000+,Request quote,nHA + probiotics CONFIRMED. #1 private label oral care,"FDA / CE / ISO 9001 / ISO 22716 / ISO 13485 / GMPc / Sedex",sales@cinoll.com,#1 BEST MATCH,"Both nHA AND probiotic capability confirmed. 7-day turnaround. Free samples."
TOOTH POWDER,LLRNCARE (Shenzhen),llrncare.com,llrncare.en.alibaba.com,"Shenzhen / Nanchang",2014,No MOQ,1000+,Request quote,"Teeth whitening powder (charcoal, PAP+, turmeric)","FDA / CE / CPSR / SGS",service@llrncare.com,#2 LOW BARRIER,"No MOQ — best for testing. nHA capability NOT confirmed."
TOOTH POWDER,Foshan Bangjie Daily Chemical,Not found,fsbangjie.en.alibaba.com,"Foshan, Guangdong",,Ultra-low,5000+,Request quote,Confirmed nHA formulas. 20000 sqm facility,Ask,Via Alibaba chat,#3 BACKUP,"Confirmed nano-hydroxyapatite."
TOOTH POWDER,JAZZ (dentalmfg),dentalmfg.com,No Alibaba store,"Guangzhou, Guangdong",2013,10000-20000,20000+,Request quote,Tooth powder specialist. R&D samples in 3 days,"ISO 22716 / SGS / TUV",1@dentalmfg.com,MOQ TOO HIGH,"MOQ 10k-20k too high for testing. Only if scaling."
HAIR INHIBITOR,Blackbird Skincare (Foshan),blackbirdskincare.com,birdtrading.en.alibaba.com,"Foshan, Guangdong","Factory: 2002",500-1000,3000+,Request quote,Already produces hair inhibitor serums. 4000+ formulas,"ISO 22716 / GMPC",web@blackbirdtrade.com,#1 BEST MATCH,"20+ years factory. Already in hair inhibitor category."
HAIR INHIBITOR,TY Cosmetic (Guangzhou),tyoemcosmetic.com,No Alibaba store,"Guangzhou, Guangdong",2009,2000,5000+,Request quote,"70-person R&D team. 8000+ formulas. 3 factories",GMP / Halal,Via website form,#2 R&D STRENGTH,"Best R&D for complex multi-active formulations."
HAIR INHIBITOR,Nako Cosmetics (TOYOLY),nakocos.com,naikou.en.alibaba.com,"Guangzhou, Guangdong",1998,1000-3000,5000-10000,Request quote,"280000 formula library. 25000 sqm. 77 lines. 20+ patents","ISO 9001 / ISO 22716 / ISO 14001 / CE / FDA",sales@nakocos.com,#3 SCALE + CERTS,"Largest and most established. Best for scaling."
HAIR INHIBITOR,Wilson Cosmetics,wilsoncosmetic.com,wilsoncosmetics.en.alibaba.com,"Zhuhai, Guangdong",2010,Low,Ask,Request quote,Hair inhibitor spray product. Aerosol/BOV specialist,"GMPC / Sedex / ISO 22716 / ISO 9001",Via website form,BONUS,"Has specific depilatory inhibit spray. UK export experience."
EAR SEEDS,Wujiang Shenlong Medical,shenlong-medical.com,acuneedle.en.alibaba.com,"Suzhou, Jiangsu",1998,100 boxes,1000+,Request quote,"OG ear seed manufacturer. Vaccaria + gold + crystal","ISO 13485 / CE / TUV",Via Alibaba chat,#1 MOST ESTABLISHED,"25+ years. Known brand in global acupuncture supply."
EAR SEEDS,Wuxi Jihetang Health Management,N/A,jihetang.en.alibaba.com,"Wuxi, Jiangsu",,50 bags,500+,$3.40-4.00/bag,LOWEST MOQ + transparent pricing. Crystal/rainbow,"SGS / CE / MEPS",Via Alibaba chat,#1 FOR SAMPLES,"50 bags MOQ = best for testing. Public pricing."
EAR SEEDS,Suzhou Hualun Medical Appliance,hualun-medical.com,hualunyiliao.en.alibaba.com,"Suzhou, Jiangsu",2001,Ask,1000+,Request quote,Good OEM flexibility. English-speaking. Kit assembly,"ISO 13485 / CE / TUV / GMP",admin@hualun-medical.com,#2 GOOD OEM,"English-speaking staff. Flexible custom kits."
EAR SEEDS,Beijing Zhongyan Taihe Medical,zythtcm.com,cnacuneed.en.alibaba.com,Beijing,2011,Ask,2000-4000,Request quote,"Massive capacity (2B needles/yr). Full OEM","ISO 13485 / ISO 9001 / CE / GMP",Via Alibaba chat,#3 SCALE,"Massive production. Higher MOQ for custom."
EAR SEEDS,Suzhou Medical Appliance (HWATO),hwato.com,hwato.en.alibaba.com,"Suzhou, Jiangsu",150+ years,Ask,1000+,Request quote,"China's oldest acupuncture manufacturer. Yuwell subsidiary","FDA / TGA / CE / TUV / ISO",Via Alibaba chat,#1 FOR US/AU MARKET,"ONLY supplier with FDA + TGA. Critical for US/Australia."
BEEF ORGAN SUPPLEMENT,Xi'an Aogubio Co. Ltd (AOGU BIOTECH),aogubio.com,Search Alibaba,"Xi'an, Shaanxi",,200 units,1000+,Competitive,"Beef organ capsules (5-organ + optional extras). 35% reorder rate",GMP,Via Alibaba chat,#1 BEST MATCH,"Lowest MOQ (200). High reorder rate. Full OEM customization."
BEEF ORGAN SUPPLEMENT,Xi'an Haoze Biotechnology,N/A,haozebio.en.alibaba.com,"Xi'an, Shaanxi",,200-500,1000+,Mid-range,"Grass-fed organ powders. HALAL certified","Halal / HACCP / ISO 22000",Via Alibaba chat,#2 HALAL CERTIFIED,"Halal cert critical for Malaysia/Indonesia market. Fast response."
BEEF ORGAN SUPPLEMENT,Guangzhou Meishubao Biotechnology,N/A,jntablet.en.alibaba.com,"Guangzhou, Guangdong",,50000 pcs,100000+,$0.02-0.08/unit,"Gummies + capsules + tablets. 1635+ SKUs. Massive capacity",GMP,Via Alibaba chat,SCALE ONLY,"Lowest unit cost at scale. NOT for test runs. High volume only."
ANTI-SNORING MOUTHPIECE,Shenzhen Yagelong Technology,N/A,Search Alibaba,"Shenzhen, Guangdong",,2 units,500+,Premium tier,"Adjustable MADs + hybrid oral-nasal systems. 100% on-time delivery",Ask,Via Alibaba chat,#1 FOR SAMPLES,"Lowest MOQ (2 units!). Highest reliability score. Premium."
ANTI-SNORING MOUTHPIECE,Xiamen Comfortlife Electronics,N/A,Search Alibaba,"Xiamen, Fujian",,50 pcs,500+,$0.65-4.20/unit,"Mouthpieces + mouth guards. Custom mold development",Ask,Via Alibaba chat,#2 BEST VALUE,"Best balance of price + customization. Mold development capability."
ANTI-SNORING MOUTHPIECE,Shenzhen Xinjianli Technology,N/A,Search Alibaba,"Shenzhen, Guangdong",,50 pcs,500+,As low as $0.09/unit,"Anti-snoring mouthpieces. Cheapest pricing",Ask,Via Alibaba chat,BUDGET OPTION,"Cheapest but 22% reorder rate — vet carefully."
ASTAXANTHIN SUPPLEMENT,Xi'an International Healthcare Factory,N/A,inter-health.en.alibaba.com,"Xi'an, Shaanxi",,$100 sample,1000+,$2.50-5.30/bottle,"Softgels + capsules + tablets. $2M+ revenue. 39% reorder rate","GMP / ISO / HACCP",Via Alibaba chat,#1 PROVEN SCALE,"Highest revenue. Best reorder rate. Natural H. pluvialis available."
ASTAXANTHIN SUPPLEMENT,Henan Baihuikang Biotechnology,N/A,bhkcosmetic.en.alibaba.com,"Henan",20+ years,Flexible,3000+,$2.50-5.30/bottle,"Custom formula softgels. Ranked #8 in Healthcare on Alibaba","GMP / HACCP / ISO",Via Alibaba chat,#2 FLEXIBLE MOQ,"20+ years experience. Best for startups. Ranked #8 on Alibaba."
ASTAXANTHIN SUPPLEMENT,Nutrifirst Biotech Inc,nutrifirst.biz,nutrifirst.en.alibaba.com,"Qingdao, Shandong",19+ years,25kg powder,100000+ capsules,Request quote,"Strongest cert portfolio. EU-registered. All dosage forms","BRC / ISO 22000 / HACCP / cGMP",Via Alibaba chat,#3 PREMIUM/EU,"Best for scaling + EU export. BRC + cGMP certified."
VERTIGO SUPPLEMENT,Henan Baihuikang Biotechnology,N/A,bhkcosmetic.en.alibaba.com,"Henan",20+ years,Flexible,1000+,Request quote,"Custom blend with ginkgo + vitamin D + B vitamins. Full OEM","GMP / HACCP / ISO",Via Alibaba chat,#1 FOR CUSTOM FORMULA,"Same as astaxanthin supplier. Best for initial custom formula."
VERTIGO SUPPLEMENT,Xi'an International Healthcare Factory,N/A,inter-health.en.alibaba.com,"Xi'an, Shaanxi",,Ask,1000+,Request quote,"Herbal extract expertise. Ginkgo biloba standardized 24%/6%","GMP / ISO / HACCP",Via Alibaba chat,#2 SCALE,"Proven at $2M+ scale. Shaanxi = herbal extract hub."
VERTIGO SUPPLEMENT,Nutrifirst Biotech Inc,nutrifirst.biz,nutrifirst.en.alibaba.com,"Qingdao, Shandong",19+ years,Ask,100000+,Request quote,"EU-registered. cGMP. Contract manufacturing + R&D","BRC / ISO 22000 / HACCP / cGMP",Via Alibaba chat,#3 PREMIUM/EU,"Highest quality certs. Best for pharmaceutical-grade positioning."
ORAL PROBIOTIC LOZENGE,Jiangsu Handian Biotechnology,en.handian.cc,handianbio.en.alibaba.com,"Nanjing, Jiangsu",,Flexible,Ask,Request quote,"Oral probiotic bubble lozenges. 3B CFU. Watsons/Mannings OEM","GMP / ISO / HACCP / Halal / ISO 22000 / cGMP",lara.han@handian.cc,#1 PROVEN OEM,"940K tablets/day capacity. Watsons/Mannings client. China Pharma Uni partner."
ORAL PROBIOTIC LOZENGE,BioGrowing Co. Ltd,biogrowing.com,Search Made-in-China,"Shanghai",,"5kg bulk, 100kg finished",1000+,Request quote,"OralBubble™ 10B CFU. Award-winning. NSF-cGMP certified","NSF-cGMP / GMP / ISO / HACCP / Kosher",Via website,#1 FOR INNOVATION,"Award-winning OralBubble tech. 10B CFU. Listed parent company (JuneYao)."
ORAL PROBIOTIC LOZENGE,Shanghai Novanat Co. Ltd,novanat.com,Search Alibaba,"Shanghai / Changsha",2003,Ask,Ask,Request quote,"Probiotic tablets 10B CFU. 30+ patents. 156M RMB investment","ISO 9001 / ISO 22000 / FSSC 22000 / cGMP / Halal / Kosher",Via website,#2 SCALE + CERTS,"Publicly listed parent (Onlly Group). FSSC 22000 is gold standard."
PHEROMONE PERFUME,Guangzhou Zuofun Cosmetics,zuofun.com,zuofun.en.alibaba.com,"Guangzhou, Guangdong",1997,1000 pcs,5000+,Request quote,"100K fragrances/day. 60000 sqm factory. 10 filling lines","ISO 9001 / ISO 14001 / Halal / GMP / ISO 22716 / FDA / BSCI",Via Alibaba chat,#1 BEST MATCH,"29 years. Lowest MOQ (1000). Most certs. Best for startups."
PHEROMONE PERFUME,Noble Fragrance Ltd,noblefragranceltd.com,No Alibaba store,"Guangzhou, Guangdong",2012,Ask,10000+,Request quote,"True perfume specialist. Luxury packaging. Turnkey solutions",Ask,Via website,#2 PREMIUM,"Pure perfume specialist. Best for luxury positioning. Higher MOQ."
PHEROMONE PERFUME,OEM Scent Lab,oemscentlab.com,No Alibaba store,"Guangzhou (assumed)",,Low (ask),Ask,Request quote,"10 in-house perfumers. Full-service incl brand planning + marketing",Ask,Via website,#3 FULL SERVICE,"12 years. 60000 sqm. Includes brand planning and marketing strategy."
GHK-CU COPPER PEPTIDE SERUM,Guangzhou Xiran Cosmetics,xiranskincare.com,xiran.en.alibaba.com,"Guangzhou, Guangdong",,1000 units,5000+,"$3-5/unit (30ml)","Private label blue copper peptide serum ready. $15M+ exports","ISO22716 / GMP",Via Alibaba chat,#1 VOLUME,"15 years. Largest GZ OEM with copper peptide SKUs ready."
GHK-CU COPPER PEPTIDE SERUM,Bioway (Xi'an) Organic Ingredients,biowayorganicinc.com,No Alibaba store,"Xi'an, Shaanxi",2009,Grams (R&D),Bulk kg,"$25-65/gram raw","RAW GHK-Cu powder >=99% purity. Biosynthesis tech. 10000+ tons/yr",Quality testing,ceo@biowaycn.com,RAW INGREDIENT,"Not finished product — raw GHK-Cu powder. Best for custom formula control."
GHK-CU COPPER PEPTIDE SERUM,Guangzhou Fanfei Biotechnology,fanfeioem.com,gzfanfei.en.alibaba.com,"Guangzhou, Guangdong",,500 pcs,2000+,"$5-8/unit (30ml)","Clinical-grade serums. 21500 sqm. 100K class cleanroom","CE / ISO22716 / GMPC / FDA / CPNP / ROSH",Via Alibaba chat,#1 FOR MVP LAUNCH,"Lowest MOQ (500). FDA + CPNP = US + EU ready. 4.9 stars. 97.8% on-time."
SKIN FLOODING KIT,Guangzhou Amarrie Cosmetics,amarrie.com,amarriecosmetics.en.alibaba.com,"Guangzhou, Guangdong",20+ years,100-500 pcs,2000+,"$8-15/kit","200+ skincare formulations. Produces matching multi-product SETS","ISO22716 / GMP / FDA / EU compliant",Via Alibaba chat,#1 FOR KIT PRODUCTION,"20+ years. Already produces skincare sets/kits. Own brand (NEUTRIHERBS)."
SKIN FLOODING KIT,TY Cosmetic (Guangzhou),tyoemcosmetic.com,No Alibaba store,"Guangzhou, Guangdong",2009,2000,5000+,"$6-12/kit","3 GMP factories. 68 production lines. 8000+ formulas. HA series ready",GMP,Via website form,#2 SCALE,"Massive capacity. HA moisturizing series already in catalog."
SKIN FLOODING KIT,Guangzhou Fanfei Biotechnology,fanfeioem.com,gzfanfei.en.alibaba.com,"Guangzhou, Guangdong",,500 pcs,2000+,"$10-18/kit","Clinical-grade. 21500 sqm. Can produce all 3 kit products","CE / ISO22716 / GMPC / FDA / CPNP",Via Alibaba chat,#1 FOR PREMIUM,"Same as copper peptide. FDA + CPNP. Lowest MOQ. Clinical grade."
SKIN FLOODING KIT,Pravada Private Label (USA),pravadaprivatelabel.com,No Alibaba store,USA,,50 pcs,500+,"$20-35/unit","Multi-molecular HA serum ALREADY DEVELOPED. 5 MW. US-made","FDA-registered / GMP",Via website,US-MADE OPTION,"MOQ 50! Perfect for validation before China. Higher cost but zero import hassle."
SCENT DIFFUSER NECKLACE,Guangzhou Huifu Jewelry,huifujewelry.com.cn,huifujewelry.en.alibaba.com,"Panyu, Guangdong",2006,120 pcs (10 dozen),500+,$1.50-4.90/pc,"316L SS jewelry. ODM/OEM. Lost-wax casting. Mirror-finish",EU material compliance,Via Alibaba chat,#1 MOST ESTABLISHED,"20 years. Verified Gold Supplier. EU-grade materials."
SCENT DIFFUSER NECKLACE,Dongguan Xinyuan SS Jewelry,N/A,xinyuansp.en.alibaba.com,"Dongguan, Guangdong",,10-120 pcs,500+,$1.50-4.90/pc,"316L SS necklaces/pendants. Factory-direct. Various plating",Ask,Via Alibaba chat,#2 FACTORY DIRECT,"Dongguan = SS jewelry capital of China. Flexible MOQ for samples."
SCENT DIFFUSER NECKLACE,Yiwu Linsa Jewelry,N/A,linsajewelry.en.alibaba.com,"Yiwu, Zhejiang",,20 pcs (stock),100+ (custom),$2.20-2.60/pc,"316L SS aromatherapy diffuser necklaces SPECIFICALLY. Felt pads included",Ask,Via Alibaba chat,#1 FOR AROMATHERAPY,"Aromatherapy-specific products. Lowest MOQ (20 stock). Felt pads included."
TUNING FORK SET,Hasni Surgical Instruments,N/A,hasnisurgical.trustpass.alibaba.com,"Sialkot, Pakistan",,20 sets,100+,Request quote,"Custom chakra tuning fork sets. Medical-grade precision","CE / ISO",Via Alibaba chat,#1 PAKISTAN,"Sialkot = 36% of world's tuning forks. CE/ISO. Surgical precision."
TUNING FORK SET,QIYUN Musical Instrument,N/A,Search Alibaba,China,20+ years,10-20 pcs,500+,"$1.90/fork, $5-8/set","Individual + solfeggio sets. Custom frequency/color anodizing",Ask,Via Alibaba chat,#2 CHINA,"20 years experience. Custom frequencies + color anodizing. Proven Amazon track."
TUNING FORK SET,DD Devices,dddevices.com,Search Alibaba,"Sialkot, Pakistan",,20 sets,100+,"$1.50-3/fork, $5-10/set","Medical tuning forks. 128Hz-4096Hz. Boxed sets","CE / ISO on request",Via website,#3 BACKUP PAKISTAN,"Sialkot cluster. Lower costs than China. 30-35 day delivery."
